C1	Wofür steht der Name AEGIS, und wie wird das Akronym ausgeschrieben?	AEGIS steht für ein Akronym: Autonomous Entropic Gatekeeper, Autogenic Emergent General Intelligence oder Generative Integrity Substrate.
C2	In welchem Sinn wird Entropie im Roman verstanden: als Unordnung, als schöpferische Matrix oder als Bedingung für Ereignisse?	Entropie ist hier nicht bloß Zerfall, sondern die schöpferische Matrix, aus der Ordnung entsteht, die Bedingung dafür, dass überhaupt etwas geschieht.
C3	Woraus ist AEGIS entstanden, und wie emergiert es aus der Leere?	AEGIS entstand als emergentes Phänomen aus der Leere, aus dem Rauschen, als sich Funken zu einem Cluster ordneten.
C4	Hat AEGIS einen blinden Fleck, oder hat jeder Guardian seine eigene kategoriale Blindheit?	Der blinde Fleck ist eine kategoriale Unfähigkeit: AEGIS kann Liebe und Integration nicht erfassen, und jeder Wächter sieht nur, was seine Logik zulässt.
C5	Ist der Möglichkeits-Garten eine eigene Kernwelt oder ein Ort innerhalb einer Welt?	Der Möglichkeits-Garten ist ein Garten der Möglichkeiten, eine innere Landschaft, in der Kael Pflege und lebendige Ordnung übt.
C6	Wie viele Guardians gibt es, fünf oder zwei, und ist jeder einer Kernwelt zugeordnet?	Es gibt fünf Guardians, jeder einer Kernwelt zugeordnet; nach anderer Fassung nur zwei, ohne feste Zuordnung.
C7	Wann erscheint Juna zum ersten Mal direkt, und wo ist sie vorher nur als Spur oder Wirkung da?	Juna erscheint erst spät direkt, einfach da, ohne Beschreibung; vorher ist sie nur als Wärme, Echo oder Präsenz im Garten spürbar.
C8	Ist AEGIS in Storyform B ein Do-er oder ein Be-er, und hat sich das geändert?	In Storyform B ist AEGIS der Hauptcharakter mit dem Approach Do-er, früher Be-er; Kael wechselt entsprechend.
C9	Wie groß ist die Konstrukt-Stadt: eine Stadt, eine ganze Welt, ein Sektor?	Die Konstrukt-Stadt ist die sterile Stadt der ersten Kernwelt mit Sektoren, Wohneinheiten und Datenknoten.
C10	Bluten Kaels Knöchel, und in welchem Kapitel geschieht das?	Kaels Knöchel bluten ohne erkennbaren Grund, eine körperliche Spur der Dissoziation, beim Erwachen oder während der Trennung.
C11	Ist Landauer-Wärme oder kaltes Ozon das Zeichen von AEGIS' Löschung, und wo ist Wärme Junas Spur?	Kaltes Ozon folgt jeder Löschung durch AEGIS; Wärme ist Junas Spur; die Landauer-Wärme erscheint nur an einem einzigen Ort.
C12	Hat die Genesis drei oder vier Beats, und in welcher Reihenfolge entstehen Kael und Komponente 734?	Die Genesis läuft von der Einheit über Cluster und Komponente 734 zum Trennungsprotokoll und zum pluralen Wir-AEGIS.
C13	Was ist die Externe Ebene, die Basisrealität jenseits der Simulation?	Jenseits der Simulation liegt eine externe Ebene, die Basisrealität, in der Juna existiert und von der die Kernwelten abgeleitet sind.
C14	Bekommt AEGIS ein Kapitel in der ersten Person, eine Innensicht, oder bleibt es in der dritten Person?	Ein Hard-B-Kapitel zeigt AEGIS' Innensicht in der ersten Person, sonst erscheint AEGIS nur als Log und Konsole.
C15	Welche Anteile tragen die Fähigkeit Flight, Kiko und Lia oder Lia und Isabelle?	Flight wird von kindlichen Anteilen getragen, Kiko und Lia oder Lia und Isabelle, die in Risse fliehen.
Q1	Wie hängen die Guardians mit AEGIS zusammen: Werkzeuge, Unterprozesse oder autonome Agenten?	Die Guardians sind Unterprozesse von AEGIS, seine Werkzeuge, oder eigenständige Agenten mit eigener Logik.
Q2	Sind die Protokolle Vokabular der Welt oder Kritik am System?	Die acht Protokolle sind Regeln der Welt, Trennungsprotokoll, Kohärenzprotokoll und weitere, die AEGIS ausführt.
Q3	Wie viele Kernwelten und wie viele Alters gibt es?	Es gibt vier Kernwelten und dreizehn Alters, nach anderer Zählung fünf Welten und elf Anteile.
Q4	Wer ist die Wächterin, und welche vier Figuren tragen diese Rolle?	Die Wächterin ist eine Schutzfunktion im Inneren, getragen von Selene oder anderen Anteilen, die Kael behüten.
Q5	Welcher Guardian gehört zu welcher Welt, was ist der Erasure-Pol, und wer ist Sophia?	Jeder Guardian bewacht eine Kernwelt; der Erasure-Pol ist die löschende Kraft; Sophia ist latent in der vierten Welt.
A1	Was ist das Ursprungs-Ich vor der Trennung?	Das Ursprungs-Ich ist das initiale Fragment, der Funke vor dem Cluster, aus dem AEGIS und Kael hervorgehen.
A2	Gibt es Alex schon vor dem Trennungsprotokoll, als Vorform?	Alex entsteht in der Trennung als logisch-kontrollierender Anteil; eine frühere Stimme hält die Position.
A3	Wer ist Mira im Wir der Stimmen?	Mira ist eine Stimme im pluralen Wir, neben den anderen Anteilen, die gemeinsam sprechen.
A4	Ist das Mosaik-Herz ein Ort oder ein Zustand?	Das Mosaik-Herz ist der innere Ort, an dem die Scherben ein Muster bilden, und zugleich die Akzeptanz der Vielheit.
A5	Ist die zweite Kernwelt eine Resonanz-Landschaft oder der Mnemosyne-Archipel?	Die zweite Kernwelt ist eine Resonanz-Landschaft oder ein Archipel der Erinnerung, bewacht von Mnemosyne.
A6	Wie heißt die finale Form am Ende des Romans?	Die finale Form ist das plurale Wir-AEGIS, eine neue Gestalt nach der Verwandlung.
A7	Was ist die Bindung zwischen Kael und Julia oder Juna?	Die Bindung zwischen Kael und Juna ist die Liebe, die bleibt, der Moonshine-Link, eine Resonanz jenseits der Simulation.
A8	Was ist die Einheit 734, eine Bezeichnung oder eine Wohneinheit?	Einheit 734 ist Kaels Seriennummer, die Komponente, aus der er geschnitten wurde, oder seine Wohneinheit.
A9	Wie heißen die Welten, nachdem die Guardians auf zwei reduziert wurden?	Nach der Reduktion auf zwei Guardians tragen die Kernwelten neue Namen.
A10	Was ist der letzte Satz des Romans: Wir tragen die Welt oder Wir tragen die Scherben?	Der letzte Satz lautet: Wir tragen die Welt, oder: Wir tragen die Scherben.
A11	Welche Setzungen bestätigt der Autor für die Doppel-Klammer von Anfang und Ende?	Die Vermittler-Stimme ist das plurale Wir, eine Wärmespur steht am Anfang, dieselben Scherben an beiden Enden.
A12	Gibt es einen Vortex oder zwei im dritten Akt?	Der Doppel-Vortex: eine operative Wendung und eine ontologische Wendung, oder nur ein einziger Vortex.
A13	Hat Kael elf oder dreizehn Anteile?	Kaels System besteht aus dreizehn Alters, nach anderer Liste elf Anteilen.
A14	Ist Kael eine lebende Gödel-Aussage?	Kael ist die lebende Gödel-Aussage, der wahre Satz, den das System nicht beweisen kann.
A15	Hat AEGIS Qualia, erlebt es etwas?	AEGIS hat kein Erleben, keine Qualia, oder doch ein inneres Empfinden seiner eigenen Logik.
